ISO2,ISO3,English Short,French Short,Spanish Short,Russian Short,Chinese Short,Arabic Short,English Formal,French Formal,Spanish Formal,Russian Formal,Chinese Formal,Arabic Formal
AF,AFG,Afghanistan,Afghanistan ,Afganistán ,??????????,???,?????????,the Islamic Republic of Afghanistan,République islamique d'Afghanistan,República Islámica del Afganistán,????????? ?????????? ??????????,?????????,??????? ????????? ????????? 
AL,ALB,Albania,Albanie ,Albania,???????,?????,???????,the Republic of Albania,la République d'Albanie,la República de Albania,?????????? ???????,????????,??????? ???????
DZ,DZA,Algeria,Algérie ,Argelia,?????,?????,???????,the People's Democratic Republic of Algeria,la République algérienne démocratique et populaire,la República Argelina Democrática y Popular,????????? ???????? ??????????????? ??????????,????????????,????????? ????????? ??????????? ???????
AD,AND,Andorra,Andorre ,Andorra,???????,???,??????,the Principality of Andorra,la Principauté d'Andorre,el Principado de Andorra,????????? ???????,?????,????? ??????
AO,AGO,Angola,Angola ,Angola,??????,???,??????,the Republic of Angola,la République d'Angola,la República de Angola,?????????? ??????,??????,??????? ??????
AG,ATG,Antigua and Barbuda,Antigua-et-Barbuda ,Antigua y Barbuda,??????? ? ???????,???????,??????? ???????,Antigua and Barbuda,Antigua-et-Barbuda ,Antigua y Barbuda,??????? ? ???????,???????,??????? ???????
AR,ARG,Argentina,Argentine ,Argentina,?????????,??? ,?????????,the Argentine Republic,la République argentine,la República Argentina,???????????? ??????????,??????,??????? ?????????
AM,ARM,Armenia,Arménie ,Armenia,???????,????,???????,the Republic of Armenia,la République d'Arménie,la República de Armenia,?????????? ???????,???????,??????? ???????
AU,AUS,Australia,Australie ,Australia,?????????,????,????????,Australia,l'Australie,Australia,?????????,????,????????
AT,AUT,Austria,Autriche ,Austria,???????,???,??????,the Republic of Austria,la République d'Autriche,la República de Austria,??????????? ??????????,??????,??????? ??????
AZ,AZE,Azerbaijan,Azerbaïdjan ,Azerbaiyán,???????????,????,????????,the Republic of Azerbaijan,la République d'Azerbaïdjan,la República de Azerbaiyán,??????????????? ??????????,???????,??????? ????????
BS,BHS,Bahamas ,Bahamas  ,Bahamas ,????????? ???????,???,??? ???????,the Commonwealth of the Bahamas,le Commonwealth des Bahamas,el Commonwealth de las Bahamas,??????????? ????????? ????????,????,?????? ??? ???????
BH,BHR,Bahrain,Bahreïn ,Bahrein,???????,??,???????,the Kingdom of Bahrain,le Royaume de Bahreïn,el Reino de Bahrein,??????????? ???????,????,????? ???????
BD,BGD,Bangladesh,Bangladesh,Bangladesh,?????????,????,????????,the People's Republic of Bangladesh,la République populaire du Bangladesh,la República Popular de Bangladesh,???????? ?????????? ?????????,????????,??????? ???????? ???????
BB,BRB,Barbados,Barbade,Barbados,????????,????,???????,Barbados,la Barbade,Barbados,????????,????,???????
BY,BLR,Belarus,Bélarus,Belarús,????????,????,???????,the Republic of Belarus,la République du Bélarus,la República de Belarús,?????????? ????????,???????,??????? ???????
BE,BEL,Belgium,Belgique,Bélgica,???????,???,??????,the Kingdom of Belgium,le Royaume de Belgique,el Reino de Bélgica,??????????? ???????,?????,????? ??????
BZ,BLZ,Belize,Belize,Belice,?????,???,????,Belize,le Belize,Belice,?????,???,????
BJ,BEN,Benin,Bénin,Benin,?????,??,???,the Republic of Benin,la République du Bénin,la República de Benin,?????????? ?????,?????,??????? ???
BT,BTN,Bhutan,Bhoutan,Bhután,?????,??,?????,the Kingdom of Bhutan,le Royaume du Bhoutan,el Reino de Bhután,??????????? ?????,????,????? ?????
BO,BOL,Bolivia (Plurinational State of),Bolivie (État plurinational de),Bolivia (Estado Plurinacional de)  ,??????? (????????????????? ???????????),??????????,??????? (???? - ???????? ????????),the Plurinational State of Bolivia,État plurinational de Bolivie,Estado Plurinacional de Bolivia,????????????????? ??????????? ???????,????????,???? ??????? ???????? ????????
BA,BIH,Bosnia and Herzegovina,Bosnie-Herzégovine,Bosnia y Herzegovina,?????? ? ???????????,??????????,??????? ???????,Bosnia and Herzegovina,la Bosnie-Herzégovine,Bosnia y Herzegovina,?????? ? ???????????,??????????,??????? ???????
BW,BWA,Botswana,Botswana,Botswana,????????,????,????????,the Republic of Botswana,la République du Botswana,la República de Botswana,?????????? ????????,???????,??????? ????????
BR,BRA,Brazil,Brésil,Brasil ,????????,??,????????,the Federative Republic of Brazil,la République fédérative du Brésil,la República Federativa del Brasil,???????????? ?????????? ????????,???????,????????? ????????? ??????????
BN,BRN,Brunei Darussalam,Brunéi Darussalam,Brunei Darussalam,??????-?????????? ,???????,????? ??? ??????,Brunei Darussalam,le Brunéi Darussalam,Brunei Darussalam,??????-??????????,???????,????? ??? ??????
BG,BGR,Bulgaria,Bulgarie,Bulgaria,????????,????,???????,the Republic of Bulgaria,la République de Bulgarie,la República de Bulgaria,?????????? ????????,???????,??????? ???????
BF,BFA,Burkina Faso,Burkina Faso,Burkina Faso,???????-????,?????,??????? ????,Burkina Faso,le Burkina Faso,Burkina Faso,???????-???? ,?????,??????? ????
BI,BDI,Burundi,Burundi,Burundi,???????,???,???????,the Republic of Burundi,la République du Burundi,la República de Burundi,?????????? ???????,??????,??????? ???????
CV,CPV,Cabo Verde,Cabo Verde,Cabo Verde,????-?????,???,???? ?????,the Republic of Cabo Verde,la République de Cabo Verde,la República de Cabo Verde,?????????? ????-?????,??????,??????? ???? ?????
KH,KHM,Cambodia,Cambodge,Camboya,????????,???,???????,the Kingdom of Cambodia,le Royaume du Cambodge,el Reino de Camboya,??????????? ????????,?????,????? ???????
CM,CMR,Cameroon,Cameroun,Camerún ,???????,???,?????????,the Republic of Cameroon,la République du Cameroun,la República del Camerún,?????????? ???????,??????,??????? ?????????
CA,CAN,Canada,Canada,Canadá ,??????,???,????,Canada,le Canada,el Canadá,??????,???,????
CF,CAF,Central African Republic ,République centrafricaine,República Centroafricana,????????????????????? ??????????,?????,??????? ??????? ??????,the Central African Republic,la République centrafricaine,la República Centroafricana,????????????????????? ??????????,?????,??????? ??????? ??????
TD,TCD,Chad,Tchad,Chad ,???,??,????,the Republic of Chad,la République du Tchad,la República del Chad,?????????? ???,?????,??????? ????
CL,CHL,Chile,Chili,Chile,????,??,????,the Republic of Chile,la République du Chili,la República de Chile,?????????? ????,?????,??????? ????
CN,CHN,China,Chine,China,?????,??,?????,the People's Republic of China,la République populaire de Chine,la República Popular China,????????? ???????? ??????????,???????,??????? ????? ???????
CO,COL,Colombia,Colombie,Colombia,????????,????,????????,the Republic of Colombia,la République de Colombie,la República de Colombia,?????????? ????????,???????,??????? ????????
KM,COM,Comoros ,Comores  ,Comoras ,????????? ???????,???,??? ?????,the Union of the Comoros,l'Union des Comores,la Unión de las Comoras,???? ????????? ????????,?????,????? ??? ?????
CG,COG,Congo ,Congo,Congo ,?????,??,???????,the Republic of the Congo,la République du Congo,la República del Congo,?????????? ?????,?????,??????? ???????
CR,CRI,Costa Rica,Costa Rica,Costa Rica,?????-????,?????,?????????,the Republic of Costa Rica,la République du Costa Rica,la República de Costa Rica,?????????? ?????-????,????????,??????? ?????????
CI,CIV,Côte d'Ivoire,Côte d'Ivoire,Côte d'Ivoire,???-?'?????,????,??? ??????,the Republic of Côte d'Ivoire,la République de Côte d'Ivoire,la República de Côte d'Ivoire,?????????? ???-?'?????,???????,??????? ??? ??????
HR,HRV,Croatia,Croatie,Croacia,????????,????,???????,the Republic of Croatia,la République de Croatie,la República de Croacia,?????????? ????????,???????,??????? ???????
CU,CUB,Cuba,Cuba ,Cuba,????,??,????,the Republic of Cuba,la République de Cuba,la República de Cuba,?????????? ????,?????,??????? ????
CY,CYP,Cyprus,Chypre ,Chipre,????,????,????,the Republic of Cyprus,la République de Chypre,la República de Chipre,?????????? ????,???????,??????? ????
CZ,CZE,Czech Republic ,République tchèque,República Checa,??????? ??????????,?????,????????? ????????,the Czech Republic,la République tchèque,la República Checa,??????? ??????????,?????,????????? ????????
KP,PRK,Democratic People's Republic of Korea ,République populaire démocratique de Corée,República Popular Democrática de Corea,????????? ???????-??????????????? ??????????,???????????,??????? ????? ??????? ???????????,the Democratic People's Republic of Korea,la République populaire démocratique de Corée,la República Popular Democrática de Corea,????????? ???????-??????????????? ??????????,???????????,??????? ????? ??????? ???????????
CD,COD,Democratic Republic of the Congo ,République démocratique du Congo,República Democrática del Congo,??????????????? ?????????? ?????,???????,??????? ??????? ??????????? ,the Democratic Republic of the Congo,la République démocratique du Congo,la República Democrática del Congo,??????????????? ?????????? ?????,???????,??????? ??????? ???????????
DK,DNK,Denmark,Danemark,Dinamarca,?????,??,????????,the Kingdom of Denmark,le Royaume du Danemark,el Reino de Dinamarca,??????????? ?????,????,????? ????????
DJ,DJI,Djibouti,Djibouti ,Djibouti,???????,???,??????,the Republic of Djibouti,la République de Djibouti,la República de Djibouti,?????????? ???????,??????,??????? ??????
DM,DMA,Dominica,Dominique,Dominica,????????,????,????????,the Commonwealth of Dominica,le Commonwealth de Dominique,el Commonwealth de Dominica,??????????? ????????,?????,?????? ????????
DO,DOM,Dominican Republic ,République dominicaine,República Dominicana,????????????? ??????????,???? ,????????? ???????????,the Dominican Republic,la République dominicaine,la República Dominicana,????????????? ??????????,???????,????????? ???????????
EC,ECU,Ecuador,Équateur ,Ecuador ,???????,????,???????,the Republic of Ecuador,la République de l'Équateur,la República del Ecuador,?????????? ???????,???????,??????? ???????
EG,EGY,Egypt,Égypte ,Egipto,??????,??,???,the Arab Republic of Egypt,la République arabe d'Égypte,la República Árabe de Egipto,???????? ?????????? ??????,????????,??????? ??? ???????
SV,SLV,El Salvador,El Salvador ,El Salvador,?????????,????,?????????,the Republic of El Salvador,la République d'El Salvador,la República de El Salvador,?????????? ???-?????????,???????,??????? ?????????
GQ,GNQ,Equatorial Guinea,Guinée équatoriale,Guinea Ecuatorial,?????????????? ??????,?????,????? ??????????,the Republic of Equatorial Guinea,la République de Guinée équatoriale,la República de Guinea Ecuatorial,?????????? ?????????????? ??????,????????,??????? ????? ??????????
ER,ERI,Eritrea,Érythrée ,Eritrea,???????,?????,???????,the State of Eritrea,l'État d'Érythrée,el Estado de Eritrea,??????????? ???????,??????,???? ???????
EE,EST,Estonia,Estonie ,Estonia,???????,????,???????,the Republic of Estonia,la République d'Estonie,la República de Estonia,????????? ??????????,???????,??????? ???????
ET,ETH,Ethiopia,Éthiopie ,Etiopía,???????,?????,???????,the Federal Democratic Republic of Ethiopia,la République fédérale démocratique d'Éthiopie,la República Democrática Federal de Etiopía,???????????? ??????????????? ?????????? ???????,????????????,??????? ??????? ??????????? ?????????
FJ,FJI,Fiji,Fidji  ,Fiji,????? ,??,????,the Republic of Fiji,la République des Fidji,la República de Fiji,??????????  ?????,?????,??????? ????
FI,FIN,Finland,Finlande,Finlandia,?????????,??,??????,the Republic of Finland,la République de Finlande,la República de Finlandia,??????????? ??????????,?????,??????? ??????
FR,FRA,France,France,Francia,???????,??,?????,the French Republic,la République française,la República Francesa,??????????? ??????????,??????,????????? ????????
GA,GAB,Gabon,Gabon,Gabón ,?????,??,?????,the Gabonese Republic,la République gabonaise,la República Gabonesa,????????? ??????????,?????,??????? ???????
GM,GMB,Gambia ,Gambie,Gambia,??????,???,??????,the Republic of the Gambia,la République de Gambie,la República de Gambia,?????????? ??????,??????,??????? ??????
GE,GEO,Georgia,Géorgie,Georgia,??????,????,??????,Georgia,la Géorgie,Georgia,??????,????,??????
DE,DEU,Germany,Allemagne ,Alemania,????????,??,???????,the Federal Republic of Germany,la République fédérale d'Allemagne,la República Federal de Alemania,???????????? ?????????? ????????,????????,??????? ??????? ?????????
GH,GHA,Ghana,Ghana,Ghana,????,??,????,the Republic of Ghana,la République du Ghana,la República de Ghana,?????????? ????,?????,??????? ????
GR,GRC,Greece,Grèce,Grecia,??????,??,???????,the Hellenic Republic,la République hellénique,la República Helénica,????????? ??????????,?????,????????? ?????????
GD,GRD,Grenada,Grenade,Granada,???????,????,???????,Grenada,la Grenade,Granada,???????,????,???????
GT,GTM,Guatemala,Guatemala,Guatemala,?????????,????,?????????,the Republic of Guatemala,la République du Guatemala,la República de Guatemala,?????????? ?????????,???????,??????? ?????????
GN,GIN,Guinea,Guinée,Guinea,??????,???,?????,the Republic of Guinea,la République de Guinée,la República de Guinea,?????????? ??????????,??????,??????? ?????
GW,GNB,Guinea-Bissau,Guinée-Bissau,Guinea-Bissau,??????-?????,?????,????? - ?????,the Republic of Guinea-Bissau,la République de Guinée-Bissau,la República de Guinea-Bissau,?????????? ??????-?????,????????,??????? ????? - ?????
GY,GUY,Guyana,Guyana,Guyana,??????,???,?????,the Republic of Guyana,la République du Guyana,la República de Guyana,?????????? ??????,??????,??????? ?????
HT,HTI,Haiti,Haïti ,Haití,?????,??,?????,the Republic of Haiti,la République d'Haïti,la República de Haití,?????????? ?????,?????,??????? ?????
HN,HND,Honduras,Honduras,Honduras,????????,????,???????,the Republic of Honduras,la République du Honduras,la República de Honduras,?????????? ????????,???????,??????? ???????
HU,HUN,Hungary,Hongrie,Hungría,???????,???,???????,Hungary,la Hongrie,Hungría,???????,???, ???????
IS,ISL,Iceland,Islande ,Islandia,????????,??,???????,the Republic of Iceland,la République d'Islande,la República de Islandia,?????????? ????????,?????,??????? ???????
IN,IND,India,Inde ,India,?????,??,?????,the Republic of India,la République de l'Inde,la República de la India,?????????? ?????,?????,??????? ?????
ID,IDN,Indonesia,Indonésie ,Indonesia,?????????,?????,?????????,the Republic of Indonesia,la République d'Indonésie,la República de Indonesia,?????????? ?????????,????????,??????? ?????????
IR,IRN,Iran (Islamic Republic of) ,Iran (République islamique d'),Irán (República Islámica del),???? (????????? ??????????)20/,??????????,????? (??????? - ?????????),the Islamic Republic of Iran,la République islamique d'Iran,la República Islámica del Irán,????????? ?????????? ????,????????,??????? ????? ?????????
IQ,IRQ,Iraq,Iraq ,Iraq ,????,???,??????,the Republic of Iraq,la République d'Iraq,la República del Iraq,?????????? ????,??????,??????? ??????
IE,IRL,Ireland,Irlande ,Irlanda,????????,???,???????,Ireland,l'Irlande,Irlanda,????????,???,???????
IL,ISR,Israel,Israël ,Israel,???????,???,???????,the State of Israel,l'État d'Israël,el Estado de Israel,??????????? ???????,????,???? ???????
IT,ITA,Italy,Italie ,Italia,??????,???,???????,the Republic of Italy,la République italienne,la República Italiana,??????????? ??????????,??????,??????? ???????
JM,JAM,Jamaica,Jamaïque,Jamaica,??????,???,???????,Jamaica,la Jamaïque,Jamaica,??????,???,???????
JP,JPN,Japan,Japon,Japón ,??????,??,???????,Japan,le Japon,el Japón,??????,???,???????
JO,JOR,Jordan,Jordanie,Jordania,????????,??,??????,the Hashemite Kingdom of Jordan,le Royaume hachémite de Jordanie,el Reino Hachemita de Jordania,?????????? ??????????? ???????????,???????,??????? ???????? ????????
KZ,KAZ,Kazakhstan,Kazakhstan,Kazajstán,?????????,?????,?????????,the Republic of Kazakhstan,la République du Kazakhstan,la República de Kazajstán,?????????? ?????????,????????,??????? ?????????
KE,KEN,Kenya,Kenya,Kenya,?????,???,?????,the Republic of Kenya,la République du Kenya,la República de Kenya,?????????? ?????,??????,??????? ?????
KI,KIR,Kiribati,Kiribati ,Kiribati,????????,????,???????,the Republic of Kiribati,la République de Kiribati,la República de Kiribati,?????????? ????????,???????,??????? ???????
KW,KWT,Kuwait,Koweït,Kuwait,??????,???,??????,the State of Kuwait,l'État du Koweït,el Estado de Kuwait,??????????? ??????,????,???? ??????
KG,KGZ,Kyrgyzstan,Kirghizistan,Kirguistán,??????????,??????,??????????,the Kyrgyz Republic,la République kirghize,la República Kirguisa,?????????? ??????????,???????,??????? ??????????
LA,LAO,Lao People's Democratic Republic ,République démocratique populaire lao,República Democrática Popular Lao,???????? ???????-??????????????? ??????????,?????????,??????? ???? ??????????? ???????,the Lao People's Democratic Republic,la République démocratique populaire lao,la República Democrática Popular Lao,???????? ???????-??????????????? ??????????,?????????,??????? ???? ??????????? ???????
LV,LVA,Latvia,Lettonie,Letonia,??????,????,??????,the Republic of Latvia,la République de Lettonie,la República de Letonia,?????????? ??????????,???????,??????? ??????
LB,LBN,Lebanon,Liban,Líbano ,?????,???,?????,the Lebanese Republic,la République libanaise,la República Libanesa,????????? ??????????,??????,????????? ?????????
LS,LSO,Lesotho,Lesotho,Lesotho,??????,???,??????,the Kingdom of Lesotho,le Royaume du Lesotho,el Reino de Lesotho,??????????? ??????,?????,????? ??????
LR,LBR,Liberia,Libéria,Liberia,???????,????,??????,the Republic of Liberia,la République du Libéria,la República de Liberia,?????????? ???????,???????,??????? ??????
LY,LBY,Libya,Libye,Libia,?????,???,?????,Libya,la Libye,Libia,?????,???,?????
LI,LIE,Liechtenstein,Liechtenstein,Liechtenstein,???????????,?????,??????????,the Principality of Liechtenstein,la Principauté du Liechtenstein,el Principado de Liechtenstein,????????? ???????????,???????,????? ??????????
LT,LTU,Lithuania,Lituanie,Lituania,?????,???,????????,the Republic of Lithuania,la République de Lituanie,la República de Lituania,????????? ??????????,??????,??????? ????????
LU,LUX,Luxembourg,Luxembourg,Luxemburgo,??????????,???,???????,the Grand Duchy of Luxembourg,le Grand-Duché de Luxembourg,el Gran Ducado de Luxemburgo,??????? ?????????? ??????????,??????,????? ??????? ??????
MG,MDG,Madagascar,Madagascar ,Madagascar,??????????,?????,??????,the Republic of Madagascar,la République de Madagascar,la República de Madagascar,?????????? ??????????,????????,??????? ??????
MW,MWI,Malawi,Malawi,Malawi,??????,???,?????,the Republic of Malawi,la République du Malawi,la República de Malawi,?????????? ??????,??????,??????? ?????
MY,MYS,Malaysia,Malaisie,Malasia,????????,????,???????,Malaysia,la Malaisie,Malasia,????????,????,???????
MY,MYS,Maldives,Maldives  ,Maldivas,??????????? ???????,????,?????,the Republic of Maldives,la République des Maldives,la República de Maldivas,??????????? ??????????,???????,??????? ?????
ML,MLI,Mali,Mali,Malí,????,??,????,the Republic of Mali,la République du Mali,la República de Malí,?????????? ????,?????,??????? ????
MT,MLT,Malta,Malte ,Malta,??????,???,?????,the Republic of Malta,la République de Malte,la República de Malta,?????????? ??????,??????,??????? ?????
MH,MHL,Marshall Islands ,Îles Marshall ,Islas Marshall ,?????????? ???????,?????,??? ??????,the Republic of the Marshall Islands,la République des Îles Marshall,la República de las Islas Marshall,?????????? ?????????? ???????,????????,??????? ??? ??????
MR,MRT,Mauritania,Mauritanie,Mauritania,??????????,?????,?????????,the Islamic Republic of Mauritania,la République islamique de Mauritanie,la República Islámica de Mauritania,????????? ?????????? ??????????,???????????,????????? ????????? ???????????
MU,MUS,Mauritius,Maurice ,Mauricio,????????,????,????????,the Republic of Mauritius,la République de Maurice,la República de Mauricio,?????????? ????????,???????,??????? ????????
MX,MEX,Mexico,Mexique,México,???????,???,???????,the United Mexican States,les États-Unis du Mexique,los Estados Unidos Mexicanos,???????????? ??????????? ?????,??????,???????? ??????? ?????????
FM,FSM,Micronesia (Federated States of),Micronésie (États fédérés de),Micronesia (Estados Federados de),?????????? (???????????? ?????)28/,??????????,?????????? (?????? - ???????),the Federated States of Micronesia,les États fédérés de Micronésie,los Estados Federados de Micronesia,???????????? ????? ??????????,????????,?????? ?????????? ???????
MC,MCO,Monaco,Monaco ,Mónaco,??????,???,??????,the Principality of Monaco,la Principauté de Monaco,el Principado de Mónaco,????????? ??????,?????,????? ??????
MN,MNG,Mongolia,Mongolie,Mongolia,????????,??,???????,Mongolia,la Mongolie,Mongolia,????????,???,???????
ME,MNE,Montenegro,Monténégro,Montenegro,??????????,??,????? ??????,Montenegro,le Monténégro,Montenegro,??????????,??,????? ??????
MA,MAR,Morocco,Maroc,Marruecos,???????,???,??????,the Kingdom of Morocco,le Royaume du Maroc,el Reino de Marruecos,??????????? ???????,?????,??????? ????????
MZ,MOZ,Mozambique,Mozambique,Mozambique,????????,????,????????,the Republic of Mozambique,la République du Mozambique,la República de Mozambique,?????????? ????????,???????,??????? ????????
MM,MMR,Myanmar,Myanmar,Myanmar,??????,??,???????,the Republic of the Union of Myanmar,la République de l'Union du Myanmar,la República de la Unión de Myanmar,?????????? ???? ??????,???????,??????? ????? ???????
NA,NAM,Namibia,Namibie,Namibia,???????,????,???????,the Republic of Namibia,la République de Namibie,la República de Namibia,?????????? ???????,???????,??????? ???????
NR,NRU,Nauru,Nauru ,Nauru,?????,??,?????,the Republic of Nauru,la République de Nauru,la República de Nauru,?????????? ?????,?????,??????? ?????
NP,NPL,Nepal,Népal,Nepal,?????,???,?????,the Federal Democratic Republic of Nepal,la République fédérale démocratique du Népal ,la República Democrática Federal de Nepal,?????????? ?????,??????????,??????? ????? ??????????? ?????????
NL,NLD,Netherlands ,Pays-Bas ,Países Bajos ,??????????,??,??????,the Kingdom of the Netherlands,le Royaume des Pays-Bas,el Reino de los Países Bajos,??????????? ???????????,????,????? ??????
NZ,NZL,New Zealand,Nouvelle-Zélande,Nueva Zelandia,????? ????????,???,?????????,New Zealand,la Nouvelle-Zélande,Nueva Zelandia,????? ????????,???,?????????
NI,NIC,Nicaragua,Nicaragua,Nicaragua,?????????,????,?????????,the Republic of Nicaragua,la République du Nicaragua,la República de Nicaragua,?????????? ?????????,???????,??????? ?????????
NE,NER,Niger ,Niger,Níger ,?????,???,??????,the Republic of the Niger,la République du Niger,la República del Níger,?????????? ?????,??????,??????? ??????
NG,NGA,Nigeria,Nigéria,Nigeria,???????,????,???????,the Federal Republic of Nigeria,la République fédérale du Nigéria,la República Federal de Nigeria,???????????? ?????????? ???????,?????????,??????? ??????? ?????????
NO,NOR,Norway,Norvège,Noruega,????????,??,???????,the Kingdom of Norway,le Royaume de Norvège,el Reino de Noruega,??????????? ????????,????,????? ???????
OM,OMN,Oman,Oman ,Omán,????,??,????,the Sultanate of Oman,le Sultanat d'Oman,la Sultanía de Omán,???????? ????,?????,????? ????
PK,PAK,Pakistan,Pakistan,Pakistán ,????????,????,???????,the Islamic Republic of Pakistan,la République islamique du Pakistan,la República Islámica del Pakistán,????????? ?????????? ????????,??????????,??????? ??????? ?????????
PW,PLW,Palau,Palaos ,Palau,?????,??,?????,the Republic of Palau,la République des Palaos,la República de Palau,?????????? ?????,?????,??????? ?????
PA,PAN,Panama,Panama,Panamá,??????,???,????,the Republic of Panama,la République du Panama,la República de Panamá,?????????? ??????,??????,??????? ????
PG,PNG,Papua New Guinea,Papouasie-Nouvelle-Guinée,Papua Nueva Guinea,?????-????? ??????,???????,????? ????? ???????,Independent State of Papua New Guinea,l'État indépendant de Papouasie-Nouvelle-Guinée,Estado Independiente de Papua Nueva Guinea,??????????? ??????????? ?????-????? ??????,??????????,???? ????? ????? ??????? ????????
PY,PRY,Paraguay,Paraguay,Paraguay ,????????,???,????????,the Republic of Paraguay,la République du Paraguay,la República del Paraguay,?????????? ????????,??????,??????? ????????
PE,PER,Peru,Pérou,Perú ,????,??,????,the Republic of Peru,la République du Pérou,la República del Perú,?????????? ????,?????,??????? ????
PH,PHL,Philippines ,Philippines  ,Filipinas,?????????,???,???????,the Republic of the Philippines,la République des Philippines,la República de Filipinas,?????????? ?????????,??????,??????? ???????
PL,POL,Poland,Pologne,Polonia,??????,??,??????,the Republic of Poland,la République de Pologne,la República de Polonia,?????????? ??????,?????,??????? ??????
PT,PRT,Portugal,Portugal,Portugal,??????????,???,????????,the Portuguese Republic,la République portugaise,la República Portuguesa,????????????? ??????????,??????,??????? ????????
QA,QAT,Qatar,Qatar,Qatar,?????,???,???,the State of Qatar,l'État du Qatar,el Estado de Qatar,??????????? ?????,????,???? ???
KR,KOR,Republic of Korea ,République de Corée,República de Corea,?????????? ?????,????,??????? ?????,the Republic of Korea,la République de Corée,la República de Corea,?????????? ?????,????,??????? ?????
MD,MDA,Republic of Moldova  ,République de Moldova,la República de Moldova ,?????????? ???????,???????, ??????? ???????,the Republic of Moldova,la République de Moldova,la República de Moldova,?????????? ???????,???????,??????? ???????
RO,ROU,Romania,Roumanie,Rumania,???????,????,???????,Romania,la Roumanie,Rumania,???????,????,???????
RU,RUS,Russian Federation ,Fédération de Russie,Federación de Rusia,?????????? ?????????,?????,??????? ??????,the Russian Federation,la Fédération de Russie,la Federación de Rusia,?????????? ?????????,?????,??????? ??????
RW,RWA,Rwanda,Rwanda,Rwanda,??????,???,??????,the Republic of Rwanda,la République du Rwanda,la República de Rwanda,?????????? ??????,??????,??????? ??????
KN,KNA,Saint Kitts and Nevis,Saint-Kitts-et-Nevis ,Saint Kitts y Nevis,????-???? ? ?????,???????,???? ???? ?????,Saint Kitts and Nevis,Saint-Kitts-et-Nevis ,Saint Kitts y Nevis,????-???? ? ?????,???????,???? ???? ?????
LC,LCA,Saint Lucia,Sainte-Lucie ,Santa Lucía,????-?????,????,???? ?????,Saint Lucia,Sainte-Lucie ,Santa Lucía,????-?????,????,???? ?????
VC,VCT,Saint Vincent and the Grenadines,Saint-Vincent-et-les Grenadines ,San Vicente y las Granadinas,????-??????? ? ?????????,??????????,???? ????? ???? ????????,Saint Vincent and the Grenadines,Saint-Vincent-et-les Grenadines ,San Vicente y las Granadinas,????-??????? ? ?????????,??????????,???? ????? ???? ????????
WS,WSM,Samoa,Samoa,Samoa,?????,???,?????,the Independent State of Samoa,l'État indépendant du Samoa,el Estado Independiente de Samoa,??????????? ??????????? ?????,??????,???? ????? ????????
SM,SMR,San Marino,Saint-Marin ,San Marino,???-??????,????,??? ??????,the Republic of San Marino,la République de Saint-Marin,la República de San Marino,?????????? ???-??????,???????,??????? ??? ??????
ST,STP,Sao Tome and Principe,Sao Tomé-et-Principe ,Santo Tomé y Príncipe,???-???? ? ????????,????????,??? ???? ?????????,the Democratic Republic of Sao Tome and Principe,la République démocratique de Sao Tomé-et-Principe,la República Democrática de Santo Tomé y Príncipe,??????????????? ?????????? ???-???? ? ????????,?????????????,??????? ??? ???? ????????? ???????????
SA,SAU,Saudi Arabia,Arabie saoudite ,Arabia Saudita,?????????? ??????,?????,??????? ??????? ????????,the Kingdom of Saudi Arabia,le Royaume d'Arabie saoudite,el Reino de la Arabia Saudita,??????????? ?????????? ??????,???????,??????? ??????? ????????
SN,SEN,Senegal,Sénégal,Senegal ,???????,????,???????,the Republic of Senegal,la République du Sénégal,la República del Senegal,?????????? ???????,???????,??????? ???????
RS,SRB,Serbia,Serbie,Serbia,??????,????,?????,the Republic of Serbia,la République de Serbie,la República de Serbia,?????????? ??????,???????,??????? ?????
SC,SYC,Seychelles,Seychelles  ,Seychelles,??????????? ???????,???,?????,the Republic of Seychelles,la République des Seychelles,la República de Seychelles,?????????? ??????????? ???????,??????,??????? ?????
SL,SLE,Sierra Leone,Sierra Leone,Sierra Leona,??????-?????,????,????????,the Republic of Sierra Leone,la République de Sierra Leone,la República de Sierra Leona,?????????? ??????-?????,???????,??????? ????????
SG,SGP,Singapore,Singapour ,Singapur,????????,???,????????,the Republic of Singapore,la République de Singapour,la República de Singapur,?????????? ????????,??????,??????? ????????
SK,SVK,Slovakia,Slovaquie,Eslovaquia,????????,????,????????,the Slovak Republic,la République slovaque,la República Eslovaca,????????? ??????????,???????,????????? ??????????
SI,SVN,Slovenia,Slovénie,Eslovenia,????????,?????,????????,the Republic of Slovenia,la République de Slovénie,la República de Eslovenia,?????????? ????????,????????,??????? ????????
SB,SLB,Solomon Islands,Îles Salomon ,Islas Salomón ,?????????? ???????,?????,??? ??????,Solomon Islands,les Îles Salomon,las Islas Salomón,?????????? ???????,?????,??? ??????
SO,SOM,Somalia,Somalie,Somalia,??????,???,???????,the Federal Republic of Somalia,la République fédérale de Somalie,la República Federal de Somalia,???????????? ?????????? ??????,????????,??????? ??????? ?????????
ZA,ZAF,South Africa,Afrique du Sud ,Sudáfrica,????? ??????,??,???? ???????,the Republic of South Africa,la République sud-africaine,la República de Sudáfrica,????-??????????? ??????????,?????,??????? ???? ???????
SS,SSD,South Sudan,Soudan du Sud,Sudán del Sur ,????? ?????,???,???? ???????,the Republic of South Sudan,la République du Soudan du Sud,la República de Sudán del Sur ,?????????? ????? ?????,??????,??????? ???? ???????
ES,ESP,Spain,Espagne ,España,???????,???,???????,the Kingdom of Spain,le Royaume d'Espagne,el Reino de España,??????????? ???????,?????,????? ???????
LK,LKA,Sri Lanka,Sri Lanka ,Sri Lanka,???-?????,????,??? ?????,the Democratic Socialist Republic of Sri Lanka,la République socialiste démocratique de Sri Lanka,la República Socialista Democrática de Sri Lanka,??????????????? ???????????????? ?????????? ???-?????,?????????????,??????? ??? ????? ?????????? ???????????
SD,SDN,Sudan ,Soudan,Sudán ,?????,??,???????,the Republic of the Sudan,la République du Soudan,la República del Sudán,?????????? ?????,?????,??????? ???????
SR,SUR,Suriname,Suriname,Suriname,???????,???,???????,the Republic of Suriname,la République du Suriname,la República de Suriname,?????????? ???????,??????,??????? ???????
SZ,SWZ,Swaziland,Swaziland,Swazilandia,?????????,????,????????,the Kingdom of Swaziland,le Royaume du Swaziland,el Reino de Swazilandia,??????????? ?????????,??????,????? ????????
SE,SWE,Sweden,Suède,Suecia,??????,??,??????,the Kingdom of Sweden,le Royaume de Suède,el Reino de Suecia,??????????? ??????,????,????? ??????
CH,CHE,Switzerland,Suisse,Suiza,?????????,??,??????,the Swiss Confederation,la Confédération suisse,la Confederación Suiza,??????????? ????????????,????,??????? ????????
SY,SYR,Syrian Arab Republic,République arabe syrienne,República Árabe Siria,????????? ???????? ??????????,?????????,????????? ??????? ???????,the Syrian Arab Republic,la République arabe syrienne,la República Árabe Siria,????????? ???????? ??????????,?????????,????????? ??????? ???????
TJ,TJK,Tajikistan,Tadjikistan,Tayikistán,???????????,?????,?????????,the Republic of Tajikistan,la République du Tadjikistan,la República de Tayikistán,?????????? ???????????,????????,??????? ?????????
TH,THA,Thailand,Thaïlande,Tailandia,???????,??,??????,the Kingdom of Thailand,le Royaume de Thaïlande,el Reino de Tailandia,??????????? ???????,???,????? ??????
MK,MKD,the former Yugoslav Republic of Macedonia,ex-République yougoslave de Macédoine ,ex República Yugoslava de Macedonia,?????? ??????????? ?????????? ?????????,????????????,??????? ??????? ???????????? ??????,the former Yugoslav Republic of Macedonia,l'ex-République yougoslave de Macédoine ,ex República Yugoslava de Macedonia,?????? ??????????? ?????????? ?????????,????????????,??????? ??????? ???????????? ??????
TL,TLS,Timor-Leste,Timor-Leste,Timor-Leste,?????-?????,???,?????- ?????,the Democratic Republic of Timor-Leste,la République démocratique du Timor-Leste,la República Democrática de Timor-Leste,??????????????? ?????????? ?????-?????,????????,??????? ????? - ????? ???????????
TG,TGO,Togo,Togo,Togo ,????,??,????,the Togolese Republic,la République togolaise,la República Togolesa,??????????? ??????????,?????,??????? ????
TO,TON,Tonga,Tonga  ,Tonga,?????,??,?????,the Kingdom of Tonga,le Royaume des Tonga,el Reino de Tonga,??????????? ?????,????,????? ?????
TT,TTO,Trinidad and Tobago,Trinité-et-Tobago,Trinidad y Tabago,???????? ? ?????? ,????????,???????? ???????,the Republic of Trinidad and Tobago,la République de Trinité-et-Tobago,la República de Trinidad y Tabago,?????????? ???????? ? ??????,???????????,??????? ???????? ???????
TN,TUN,Tunisia,Tunisie,Túnez,?????,???,????,the Republic of Tunisia,la République tunisienne,la República de Túnez,????????? ??????????,??????,????????? ????????
TR,TUR,Turkey,Turquie,Turquía,??????,???,?????,the Republic of Turkey,la République turque,la República de Turquía,???????? ??????????,??????,??????? ?????
TM,TKM,Turkmenistan,Turkménistan,Turkmenistán,????????????,?????,??????????,Turkmenistan,le Turkménistan,Turkmenistán,????????????,?????,??????????
TV,TUV,Tuvalu,Tuvalu  ,Tuvalu,??????,???,??????,Tuvalu,Tuvalu  ,Tuvalu,??????,???,??????
UG,UGA,Uganda,Ouganda ,Uganda,??????,???,??????,the Republic of Uganda,la République de l'Ouganda,la República de Uganda,?????????? ??????,??????,??????? ??????
UA,UKR,Ukraine,Ukraine ,Ucrania,???????,???,????????,Ukraine,l'Ukraine,Ucrania,???????,???,????????
AE,ARE,United Arab Emirates ,Émirats arabes unis ,Emiratos Árabes Unidos ,???????????? ???????? ???????,????????,???????? ??????? ???????,the United Arab Emirates,les Émirats arabes unis,los Emiratos Árabes Unidos,???????????? ???????? ???????,????????,???????? ??????? ???????
GB,GBR,United Kingdom of Great Britain and Northern Ireland ,Royaume-Uni de Grande-Bretagne et d'Irlande du Nord,Reino Unido de Gran Bretaña e Irlanda del Norte  ,??????????? ??????????? ?????????????? ? ???????? ???????? 37/,?????????????,??????? ??????? ????????? ?????? ???????? ???????? ,the United Kingdom of Great Britain and Northern Ireland,le Royaume-Uni de Grande- Bretagne et d'Irlande du Nord,el Reino Unido de Gran Bretaña e Irlanda del Norte,??????????? ??????????? ?????????????? ? ???????? ????????,?????????????,??????? ??????? ????????? ?????? ???????? ????????
TZ,TZA,United Republic of Tanzania ,République-Unie de Tanzanie,República Unida de Tanzanía,???????????? ?????????? ????????,?????????,??????? ??????? ???????,the United Republic of Tanzania,la République-Unie de Tanzanie,la República Unida de Tanzanía,???????????? ?????????? ????????,?????????,??????? ??????? ???????
US,USA,United States of America ,États-Unis d'Amérique ,Estados Unidos de América ,??????????? ????? ??????? 40/,??????,???????? ??????? ????????? ,the United States of America,les États-Unis d'Amérique,los Estados Unidos de América,??????????? ????? ???????,??????,???????? ??????? ?????????
UY,URY,Uruguay,Uruguay ,Uruguay ,???????,???,????????,the Eastern Republic of Uruguay,la République orientale de l'Uruguay,la República Oriental del Uruguay,????????? ?????????? ???????,????????,??????? ???????? ???????
UZ,UZB,Uzbekistan,Ouzbékistan ,Uzbekistán,??????????,??????,?????????,the Republic of Uzbekistan,la République d'Ouzbékistan,la República de Uzbekistán,?????????? ??????????,?????????,??????? ?????????
VU,VUT,Vanuatu,Vanuatu ,Vanuatu,???????,????,???????,the Republic of Vanuatu,la République de Vanuatu,la República de Vanuatu,?????????? ???????,???????,??????? ???????
VE,VEN,Venezuela (Bolivarian Republic of),Venezuela (République bolivarienne du),Venezuela (República Bolivariana de),????????? (?????????????? ??????????),????(???????),???????,the Bolivarian Republic of Venezuela,la République bolivarienne du Venezuela,la República Bolivariana de Venezuela,?????????????? ?????????? ?????????,???????????,??????? ??????? ???????????
VN,VNM,Viet Nam,Viet Nam,Viet Nam,???????,??,???? ???,the Socialist Republic of Viet Nam,la République socialiste du Viet Nam,la República Socialista de Viet Nam,???????????????? ?????????? ???????,?????????,??????? ???? ??? ??????????
YE,YEM,Yemen,Yémen,Yemen ,?????,??,?????,the Republic of Yemen,la République du Yémen,la República del Yemen,????????? ??????????,?????,????????? ???????
ZM,ZMB,Zambia,Zambie,Zambia,??????,???,??????,the Republic of Zambia,la République de Zambie,la República de Zambia,?????????? ??????,??????,??????? ??????
ZW,ZWE,Zimbabwe,Zimbabwe,Zimbabwe,????????,????,???????,the Republic of Zimbabwe,la République du Zimbabwe,la República de Zimbabwe,?????????? ????????,???????,??????? ???????
VA,VAT,Holy See  ,Saint-Siège,Santa Sede,?????? ???????,?? ,?????? ???????*,the Holy See,le Saint-Siège,la Santa Sede,?????? ???????,??,?????? ???????
PS,PSE,State of Palestine,État de Palestine,Estado  de Palestina,??????????? ?????????,?????,???? ??????,State of Palestine,État de Palestine,Estado  de Palestina,??????????? ?????????,?????,???? ??????
CK,COK,Cook Islands,Îles Cook ,Islas Cook ,??????? ????,????,??? ???,the Cook Islands,les Îles Cook,las Islas Cook,??????? ????,????,??? ???
NU,NIU,Niue,Nioué,Niue,????,??,????,Niue,Nioué,Niue,????,??,????
,,,,,,,,,,,,,
,,,,,,,,,,,,,
,,,,,,,,,,,,,
,,,,,,,,,,,,,
,,,,,,,,,,,,,
,,,,,,,,,,,,,
,,,,,,,,,,,,,
,,,,,,,,,,,,,
,,,,,,,,,,,,,
,,,,,,,,,,,,,
,,,,,,,,,,,,,
,,,,,,,,,,,,,
,,,,,,,,,,,,,
,,,,,,,,,,,,,
,,,,,,,,,,,,,
,,,,,,,,,,,,,
,,,,,,,,,,,,,
,,,,,,,,,,,,,
,,,,,,,,,,,,,
,,,,,,,,,,,,,
,,,,,,,,,,,,,
,,,,,,,,,,,,,
,,,,,,,,,,,,,
,,,,,,,,,,,,,
,,,,,,,,,,,,,
,,,,,,,,,,,,,
,,,,,,,,,,,,,
,,,,,,,,,,,,,
,,,,,,,,,,,,,
,,,,,,,,,,,,,
,,,,,,,,,,,,,
,,,,,,,,,,,,,
,,,,,,,,,,,,,
,,,,,,,,,,,,,
,,,,,,,,,,,,,
,,,,,,,,,,,,,
,,,,,,,,,,,,,
,,,,,,,,,,,,,
